timestamp,count
1754438400000,174222
1753833600000,158720
1753228800000,140853
1752624000000,130704
1752019200000,129063
1751414400000,131447
1750809600000,126438
1750204800000,125736
1749600000000,121053
1748995200000,124239
1748390400000,119228
1747785600000,113743
1747180800000,107977
1746576000000,106180
1745971200000,105219
1745366400000,102544
1744761600000,93435
1744156800000,100070
1743552000000,104431
1742947200000,106801
1742342400000,99996
1741737600000,101714
1741132800000,96923
1740528000000,93988
1739923200000,94677
1739318400000,92813
1738713600000,91731
1738108800000,92871
1737504000000,95471
1736899200000,102833
1736294400000,108381
1735516800000,107716
1734912000000,117259
1734307200000,131141
1733702400000,152481
1733097600000,146543
1732492800000,104513
1731888000000,106686
1731283200000,106485
1730678400000,107366
1730073600000,107560
1729468800000,107763
1728864000000,108427
1728259200000,105780
1727654400000,109608
1727049600000,110293
1726444800000,107700
1725840000000,110379
1725235200000,117034
1724630400000,115373
1724025600000,110242
1723420800000,110912
1722816000000,106198
1722211200000,111239
1721606400000,110678
1721001600000,109859
1720396800000,111074
1719792000000,109884
1719187200000,109707
1718582400000,113529
1717977600000,113957
1717372800000,112416
1716768000000,102568
1716163200000,110511
1715558400000,113538
1714953600000,115672
1714348800000,112201
1713744000000,112576
1713139200000,110422
1712534400000,117334
1711929600000,110130
1711324800000,111056
1710720000000,103549
1710115200000,103709
1709510400000,98218
1708905600000,99109
1708300800000,95994
1707696000000,96971
1707091200000,93528
1706486400000,94934
1705881600000,91673
1705276800000,90569
1704672000000,98572
1703980800000,99084
1703376000000,103045
1702771200000,108954
1702166400000,116544
1701561600000,132509
1700956800000,143118
1700352000000,137236
1699747200000,105047
1699142400000,108403
1698537600000,106094
1697932800000,104874
1697328000000,106222
1696723200000,103592
1696118400000,99967
1695513600000,101563
1694908800000,99874
1694304000000,103896
1693699200000,107412
1693094400000,101857
1692489600000,97306
1691884800000,98811
1691280000000,98835
1690675200000,95534
1690070400000,90261
1689465600000,94205
1688860800000,92113
1688256000000,89096
1687651200000,86352
1687046400000,83961
1686441600000,87313
1685836800000,89704
1685232000000,88763
1684627200000,91562
1684022400000,92818
1683417600000,93611
1682812800000,91225
1682208000000,90179
1681603200000,95007
1680998400000,96533
1680393600000,95791
1679788800000,91663
1679184000000,90179
1678579200000,90103
1677974400000,91941
1677369600000,91966
1676764800000,88529
1676160000000,90686
1675555200000,93289
1674950400000,90674
1674345600000,89168
1673740800000,90030
1673136000000,91938
1672444800000,84603
1671840000000,77951
1671235200000,77802
1670630400000,69848
1670025600000,73066
1669420800000,62666
1668816000000,70048
1668211200000,69888
1667606400000,70884
1667001600000,73501
1666396800000,72998
1665792000000,69173
1665187200000,72315
1664582400000,74404
1663977600000,75880
1663372800000,71236
1662768000000,70089
1662163200000,72828
1659744000000,68187
1659139200000,67606
1658534400000,68351
1657929600000,66477
1657324800000,63811
1656720000000,61916
1656115200000,63960
1655510400000,62310
1654905600000,63643
1654300800000,64517
1653696000000,62385
1653091200000,61038
1652486400000,59881
1651881600000,59795
1651276800000,59293
1650672000000,60742
1650067200000,60786
1649462400000,60439
1648857600000,57769
1648252800000,55249
1647648000000,56831
1647043200000,61646
1646438400000,63818
1645833600000,67480
1645228800000,73305
1644624000000,77403
1644019200000,86436
1643414400000,93846
1642809600000,91939
1642204800000,80343
1641600000000,82016
1640908800000,75509
1640304000000,65267
1639699200000,64737
1639094400000,62255
1638489600000,66144
1637884800000,64908
1637280000000,69720
1636675200000,73657
1636070400000,74905
1635465600000,75515
1634860800000,77685
1634256000000,83995
1633651200000,80025
1633046400000,64625
1632441600000,66130
1631836800000,67105
1631232000000,64343
1630627200000,63925
1630022400000,66224
1629417600000,64706
1628812800000,64123
1628208000000,62953
1627603200000,62738
1626998400000,59526
1626393600000,59525
1625788800000,59898
1625184000000,59188
1624579200000,59341
1623974400000,62580
1623369600000,63282
1622764800000,69847
1622160000000,69498
1621555200000,71099
1620950400000,73352
1620345600000,77060
1619740800000,76958
1619136000000,78518
1618531200000,76715
1617926400000,79037
1617321600000,79205
1616716800000,80075
1616112000000,80245
1615507200000,80791
1614902400000,77089
1614297600000,80580
1613692800000,83522
1613088000000,82956
1612483200000,85320
1611878400000,83062
1611273600000,83330
1610668800000,81934
1610064000000,81658
1609891200000,78489
1609286400000,77538
1608681600000,85338
1608076800000,86290
1607472000000,93745
1606867200000,99752
1606262400000,107714
1605657600000,115863
1605052800000,121383
1604448000000,111657
1603843200000,92137
1603238400000,91783
1602633600000,91011
1602028800000,89520
1601424000000,87014
1600819200000,86235
1600214400000,86248
1599609600000,86343
1599004800000,85363
1598400000000,87770
1597795200000,86378
1597190400000,88212
1596585600000,89935
1595980800000,92201
1595376000000,91736
1594771200000,92545
1594166400000,92626
1593561600000,94730
1592956800000,99339
1592352000000,108290
1591747200000,104709
1591142400000,107120
1590537600000,108667
1589932800000,112839
1589328000000,116319
1588723200000,117316
1588118400000,114796
1587513600000,115631
1586908800000,110964
1586304000000,109759
1585699200000,104530
1585094400000,93408
1584489600000,78664
1583884800000,75804
1583280000000,76368
1582675200000,75014
1582070400000,74580
1581465600000,73934
1580860800000,70649
1580256000000,69938
1579651200000,67827
1579046400000,69000
1578441600000,68344
1577750400000,68481
1577145600000,66844
1576540800000,64037
1575936000000,63519
1575331200000,65066
1574726400000,68505
1574121600000,71405
1573516800000,58281
1572912000000,58324
1572307200000,60937
1571702400000,63451
1571097600000,65957
1570492800000,67102
1569888000000,65889
1569283200000,66405
1568678400000,65888
1568073600000,70527
1567468800000,69985
1566864000000,72219
1566259200000,72046
1565654400000,74293
1565049600000,73686
1564444800000,71448
1563840000000,72141
1563235200000,73466
1562630400000,73034
1562025600000,71367
1561420800000,72479
1560816000000,74519
1560211200000,78157
1559606400000,83026
1559001600000,78883
1558396800000,80825
1557792000000,81386
1557187200000,81529
1556582400000,86643
1555977600000,85513
1555372800000,80461
1554768000000,79515
1554163200000,79994
1553558400000,87158
1552953600000,87385
1552348800000,86353
1551744000000,90185
1551139200000,93750
1550534400000,97272
1549929600000,96846
1549324800000,98135
1548720000000,98175
1548115200000,100711
1547510400000,99077
1546905600000,96134
1546214400000,96445
1545609600000,93904
1545004800000,93225
1544400000000,93492
1543795200000,93758
1543190400000,97294
1542585600000,102018
1541980800000,101587
1541376000000,83194
1540771200000,56667
1540166400000,55542
1539561600000,58558
1538956800000,58760
1538352000000,57719
1537747200000,60139
1537142400000,60036
1536537600000,58913
1535932800000,58844
1535328000000,57483
1534723200000,58562
1534118400000,59304
1533513600000,60215
1532908800000,58865
1532304000000,56780
1531699200000,54159
1531094400000,52726
1530489600000,48263
1529884800000,39979
1529280000000,51494
1528675200000,51663
1528070400000,51775
1527465600000,50740
1526860800000,50377
1526256000000,47496
1525651200000,48277
1525046400000,50653
1524441600000,49172
1523836800000,49862
1523232000000,51968
1522627200000,52299
1522022400000,54486
1521417600000,52937
1520812800000,52367
1520208000000,53100
1519603200000,52843
1518998400000,53271
1518393600000,53275
1517788800000,52006
1517184000000,53476
1516579200000,55169
1515974400000,55477
1515369600000,53569
1514678400000,52779
1514073600000,51366
1513468800000,48730
1512864000000,46751
1512259200000,43998
1511654400000,43869
1511049600000,43114
1510444800000,43449
1509840000000,45213
1509235200000,46087
1508630400000,44807
1508025600000,45023
1507420800000,44548
1506816000000,46399
1506211200000,45815
1505606400000,44444
1505001600000,44961
1504396800000,43650
1503792000000,42783
1503187200000,45022
1502582400000,44742
1501977600000,45152
1501372800000,44889
1500768000000,43560
1500163200000,44295
1499558400000,47033
1498953600000,44323
1498348800000,43435
1497744000000,43166
1497139200000,47770
1496534400000,43369
1495929600000,41081
1495324800000,44331
1494720000000,44971
1494115200000,46781
1493510400000,45573
1492905600000,46894
1492300800000,45254
1491696000000,44640
1491091200000,46515
1490486400000,46303
1489881600000,45751
1489276800000,44895
1488672000000,41130
1488067200000,36511
1487462400000,45411
1486857600000,43881
1486252800000,44296
1485648000000,44391
1485043200000,46037
1484438400000,46099
1483833600000,47724
1483056000000,45332
1482451200000,43559
1481846400000,39498
1481241600000,38323
1480636800000,40166
1480032000000,37343
1479427200000,36572
1478822400000,33176
1478217600000,32728
1477612800000,33001
1477008000000,33436
1476403200000,32999
1475798400000,32719
1475193600000,31204
1474588800000,32927
1473984000000,30953
1473379200000,32303
1472774400000,32841
1472169600000,33139
1471564800000,33814
1470960000000,34098
1470355200000,35778
1469750400000,34569
1469145600000,34228
1468540800000,37036
1467936000000,41122
1467331200000,41241
1466726400000,37581
1466121600000,37808
1465516800000,38013
1464912000000,38145
1464307200000,38079
1463702400000,39767
1463097600000,39506
1462492800000,36204
1461888000000,35460
1461283200000,34884
1460678400000,35132
1460073600000,36853
1459468800000,40043
1458864000000,37927
1458259200000,34217
1457654400000,34748
1457049600000,35205
1456444800000,35967
1455840000000,34932
1455235200000,32512
1454630400000,34472
1454025600000,35257
1453420800000,35612
1452816000000,36765
1452211200000,37763
1452124800000,40434
1451520000000,36065
1450915200000,32783
1450310400000,30331
1449705600000,28899
1449100800000,28951
1448496000000,28221
1447891200000,29321
1447286400000,32249
1446681600000,31532
1446076800000,29503
1445472000000,28413
1444867200000,27827
1444262400000,26276
1443657600000,26891
1443052800000,29325
1442448000000,32868
1441843200000,35167
1441238400000,34748
1440633600000,34723
1440028800000,36529
1439424000000,34780
1438819200000,34635
1438214400000,35549
1437609600000,36026
1437004800000,33792
1436400000000,31317
1435795200000,32588
1435190400000,31765
1434585600000,31651
1433980800000,31244
1433376000000,34964
1432771200000,31797
1432166400000,35133
1431561600000,36677
1430956800000,36684
1430352000000,36669
1429747200000,36704
1429142400000,39688
1428537600000,38226
1427932800000,36326
1427328000000,36015
1426723200000,35693
1426118400000,36426
1425513600000,33849
1424908800000,26297
1424304000000,21372
1423699200000,22298
1423094400000,21343
1422489600000,20996
1421884800000,20149
1421280000000,19755
1420675200000,21029
1419984000000,18366
1419379200000,15985
1418774400000,15422
1418169600000,15267
1417564800000,15686
1416960000000,15937
1416355200000,15945
1415750400000,15771
1415145600000,15863
1414540800000,16307
1413936000000,16358
1413331200000,15820
1412726400000,14866
1412121600000,14602
1411516800000,14711
1410912000000,14069
1410307200000,14833
1409702400000,16318
1409097600000,16690
1408492800000,18698
1407888000000,18359
1407283200000,17117
1406678400000,17446
1406073600000,17588
1405468800000,17476
1404864000000,16739
1404259200000,16099
1403654400000,15350
1403049600000,14919
1402444800000,14547
1401840000000,13406
1401235200000,10437
1400630400000,11118
1400025600000,11817
1399420800000,12169
1398816000000,13524
1398211200000,13678
1397606400000,13099
1397001600000,13887
1396396800000,14669
1395792000000,16172
1395187200000,15636
1394582400000,15744
1393977600000,16845
1393372800000,16769
1392768000000,16535
1392163200000,17299
1391558400000,16886
1390953600000,16642
1390348800000,14925
1389744000000,15167
1389139200000,16678
1388448000000,14310
1387843200000,12049
1387238400000,10963
1386633600000,11056
1386028800000,11956
1385424000000,12870
1384819200000,12263
1384214400000,11565
1383609600000,12224
1383004800000,11217
1382400000000,10345
1381795200000,10616
1381190400000,10288
1380585600000,11582
1379980800000,11240
1379376000000,13503
1378771200000,15174
1378166400000,13068
1377561600000,13712
1376956800000,14525
1376352000000,14341
1375747200000,13621
1375142400000,14570
1374537600000,15264
1373932800000,16270
1373328000000,16778
1372723200000,19029
1372118400000,20366
1371513600000,19943
1370908800000,19353
1370304000000,21267
1369699200000,21327
1369094400000,21079
1368489600000,23576
1367884800000,28350
1367280000000,33398
1366675200000,34818
1366070400000,37588
1365465600000,37127
1364860800000,34670
1364256000000,39161
1363651200000,42421
1363046400000,40372
1362441600000,39837
1361836800000,43418
